gene,mutant,method,source,molecule,molecule.short,WT,KO
MAM1,gsm1,KO,Textor et al. 2007,3mSOo,3C,29,190
MAM1,gsm1,KO,Textor et al. 2007,4mSOo,4C,177,21.5
MAM1,gsm1,KO,Textor et al. 2007,5mSOo,5C,5.3,0.9
MAM1,gsm1,KO,Textor et al. 2007,6mSOo,6C,3,3
MAM1,gsm1,KO,Textor et al. 2007,7mSOo,7C,4.15,5.3
MAM1,gsm1,KO,Textor et al. 2007,8mSOo,8C,24,75
MAM3,gsm2-1,KO,Textor et al. 2007,3mSOo,3C,27.8,25.5
MAM3,gsm2-1,KO,Textor et al. 2007,4mSOo,4C,169.5,189
MAM3,gsm2-1,KO,Textor et al. 2007,5mSOo,5C,5.1,6
MAM3,gsm2-1,KO,Textor et al. 2007,6mSOo,6C,3.1,2.1
MAM3,gsm2-1,KO,Textor et al. 2007,7mSOo,7C,4.1,0
MAM3,gsm2-1,KO,Textor et al. 2007,8mSOo,8C,22.7,0
MAM3,gsm2-2,KO,Textor et al. 2007,3mSOo,3C,27.8,26.8
MAM3,gsm2-2,KO,Textor et al. 2007,4mSOo,4C,169.5,198
MAM3,gsm2-2,KO,Textor et al. 2007,5mSOo,5C,5.1,6
MAM3,gsm2-2,KO,Textor et al. 2007,6mSOo,6C,3.1,4
MAM3,gsm2-2,KO,Textor et al. 2007,7mSOo,7C,4.1,4
MAM3,gsm2-2,KO,Textor et al. 2007,8mSOo,8C,22.7,2.3
MAM3,gsm2-avg,KO,Textor et al. 2007,3mSOo,3C,27.8,26.15
MAM3,gsm2-avg,KO,Textor et al. 2007,4mSOo,4C,169.5,193.5
MAM3,gsm2-avg,KO,Textor et al. 2007,5mSOo,5C,5.1,6
MAM3,gsm2-avg,KO,Textor et al. 2007,6mSOo,6C,3.1,3.05
MAM3,gsm2-avg,KO,Textor et al. 2007,7mSOo,7C,4.1,2
MAM3,gsm2-avg,KO,Textor et al. 2007,8mSOo,8C,22.7,1.15
BCAT3,bcat3-1,KO,Knill et al. 2008,3mSOo,3C,2.26,2.87
BCAT3,bcat3-1,KO,Knill et al. 2008,4mSOo,4C,26.51,25.94
BCAT3,bcat3-1,KO,Knill et al. 2008,5mSOo,5C,6.97,1.2
BCAT3,bcat3-1,KO,Knill et al. 2008,6mSOo,6C,0.46,0.15
BCAT3,bcat3-1,KO,Knill et al. 2008,7mSOo,7C,1.34,0.56
BCAT3,bcat3-1,KO,Knill et al. 2008,8mSOo,8C,3.67,3.11